user_id,movie_id,rating_score,rating_time
1,296,5.0,1147880044
1,306,3.5,1147868817
1,307,5.0,1147868828
1,665,5.0,1147878820
1,899,3.5,1147868510
1,1088,4.0,1147868495
1,1175,3.5,1147868826
1,1217,3.5,1147878326
1,1237,5.0,1147868839
1,1250,4.0,1147868414
1,1260,3.5,1147877857
1,1653,4.0,1147868097
1,2011,2.5,1147868079
1,2012,2.5,1147868068
1,2068,2.5,1147869044
1,2161,3.5,1147868609
1,2351,4.5,1147877957
1,2573,4.0,1147878923
1,2632,5.0,1147878248
1,2692,5.0,1147869100
1,2843,4.5,1147868891
1,3448,4.0,1147868480
1,3569,5.0,1147879603
1,3949,5.0,1147868678
1,4144,5.0,1147868898
1,4308,3.0,1147868534
1,4325,5.0,1147878122
1,4422,3.0,1147869048
1,4703,4.0,1147869223
1,4973,4.5,1147869080
1,5147,4.0,1147877654
1,5269,0.5,1147879571
1,5684,2.0,1147879797
1,5767,5.0,1147878729
1,5878,4.0,1147868807
1,5912,3.0,1147878698
1,5952,4.0,1147868053
1,6016,5.0,1147869090
1,6370,4.5,1147869191
1,6377,4.0,1147868469
1,6539,3.5,1147868461
1,6711,5.0,1147868622
1,6954,3.5,1147869150
1,7209,4.0,1147877986
1,7234,4.5,1147868869
1,7318,2.0,1147879850
1,7323,3.5,1147869119
1,7327,3.5,1147868855
1,7361,5.0,1147880055
1,7365,4.0,1147869033
1,7820,2.5,1147878050
1,7937,3.0,1147878055
1,7938,2.5,1147878063
1,7939,2.5,1147869183
1,7940,4.5,1147877967
1,8014,3.5,1147869155
1,8154,5.0,1147868865
1,8327,5.0,1147879375
1,8360,4.0,1147868682
1,8405,3.5,1147878095
1,8685,1.0,1147878023
1,8729,3.5,1147878452
1,8786,4.0,1147877853
1,8873,3.0,1147869094
1,8973,4.0,1147869211
1,27193,3.0,1147879774
1,27266,4.5,1147879365
1,27721,3.0,1147869115
1,31956,3.5,1147877610
1,32591,5.0,1147879538
2,1,3.5,1141415820
2,62,0.5,1141417130
2,110,5.0,1141416589
2,150,4.0,1141415790
2,151,4.5,1141415643
2,236,4.0,1141415659
2,260,5.0,1141417172
2,261,0.5,1141417855
2,266,1.0,1141415926
2,318,5.0,1141417181
2,333,5.0,1141415931
2,349,4.5,1141417045
2,356,4.5,1141416637
2,364,4.5,1141417077
2,380,1.0,1141415808
2,457,5.0,1141416618
2,480,2.0,1141417088
2,497,4.0,1141415566
2,524,3.5,1141417112
2,527,5.0,1141415816
2,534,4.5,1141417814
2,553,2.0,1141415539
2,588,2.0,1141417189
2,589,4.0,1141416748
2,653,3.0,1141415552
2,733,4.5,1141415905
2,858,3.5,1141416926
2,914,4.0,1141417642
2,953,4.5,1141417487
2,1035,1.0,1141415899
2,1080,1.0,1141415532
2,1136,5.0,1141417950
2,1196,5.0,1141417198
2,1197,5.0,1141415874
2,1198,4.0,1141417032
2,1201,2.5,1141415887
2,1210,5.0,1141416665
2,1246,4.0,1141416793
2,1257,5.0,1141417313
2,1270,4.0,1141417013
2,1271,1.5,1141417736
2,1275,4.5,1141417237
2,1283,4.0,1141416205
2,1287,5.0,1141417140
2,1291,5.0,1141416603
2,1293,5.0,1141417937
2,1299,1.0,1141416220
2,1302,3.0,1141417036
2,1356,5.0,1141417272
2,1374,4.5,1141415576
2,1376,5.0,1141417402
2,1393,4.0,1141417243
2,1431,3.0,1141416190
2,1465,3.0,1141417875
2,1485,3.0,1141415592
2,1488,5.0,1141416185
2,1527,3.0,1141417716
2,1580,4.5,1141417059
2,1584,5.0,1141416806
2,1587,1.0,1141416172
2,1610,5.0,1141416601
2,1653,4.5,1141415586
2,1672,4.5,1141417310
2,1674,4.0,1141417397
2,1682,4.5,1141415845
2,1693,4.0,1141417194
2,1722,0.5,1141415864
2,1873,4.0,1141416788
2,1907,4.0,1141417054
2,1923,0.5,1141417516
2,1957,3.5,1141416148
2,1968,1.0,1141415850
2,2028,4.0,1141415840
2,2081,1.5,1141415857
2,2083,4.5,1141417581
2,2115,3.5,1141417320
2,2138,4.5,1141416899
2,2139,4.0,1141416834
2,2150,5.0,1141418008
2,2194,5.0,1141415685
2,2268,4.5,1141416973
2,2273,2.0,1141416159
2,2294,4.5,1141416879
2,2324,1.5,1141417726
2,2355,4.5,1141416727
2,2359,5.0,1141417423
2,2406,2.5,1141415647
2,2470,5.0,1141415787
2,2496,4.0,1141416084
2,2501,4.5,1141416992
2,2571,5.0,1141416743
2,2617,4.0,1141415674
2,2640,5.0,1141415619
2,2643,0.5,1141416130
2,2694,4.0,1141416108
2,2720,0.5,1141416127
2,2745,5.0,1141416889
2,2761,0.5,1141417472
2,2762,4.0,1141415823
2,2797,1.0,1141415509
2,2918,4.5,1141417214
2,2987,0.5,1141417894
2,3098,3.0,1141417049
2,3105,4.0,1141417224
2,3107,3.0,1141416048
2,3114,4.5,1141416634
2,3148,2.0,1141417561
2,3175,3.5,1141417288
2,3360,5.0,1141417108
2,3396,4.5,1141417711
2,3479,2.0,1141416018
2,3510,4.0,1141416005
2,3578,5.0,1141415803
2,3793,5.0,1141416682
2,3889,2.5,1141416465
2,3916,3.0,1141416027
2,3948,3.0,1141415798
2,3994,3.0,1141416826
2,4016,5.0,1141417302
2,4019,3.5,1141416607
2,4022,5.0,1141415827
2,4023,3.0,1141417651
2,4103,4.5,1141417831
2,4299,4.5,1141415991
2,4306,4.5,1141416668
2,4535,3.0,1141417024
2,4571,1.5,1141415984
2,4720,4.0,1141416850
2,4857,1.0,1141415978
2,4874,4.5,1141417848
2,4886,5.0,1141415669
2,4896,5.0,1141416646
2,4963,4.0,1141416715
2,4993,5.0,1141417201
2,4995,5.0,1141416710
2,5010,2.0,1141417260
2,5103,5.0,1141417118
2,5349,5.0,1141416664
2,5418,5.0,1141416643
2,5445,3.5,1141415632
2,5574,3.0,1141416403
2,5816,5.0,1141415950
2,5952,5.0,1141415528
2,5955,4.0,1141417229
2,6156,2.0,1141416367
2,6157,3.5,1141415970
2,6213,2.5,1141416376
2,6287,2.0,1141416381
2,6311,5.0,1141417263
2,6333,5.0,1141416621
2,6539,5.0,1141417009
2,6565,3.0,1141417018
2,6753,3.0,1141416362
2,6879,5.0,1141417251
2,6947,4.0,1141417529
2,7004,2.0,1141416351
2,7007,0.5,1141416347
2,7075,5.0,1141417136
2,7090,2.0,1141417947
2,7143,5.0,1141416613
2,7153,5.0,1141416779
2,7162,0.5,1141417617
2,7386,4.0,1141416631
2,7624,3.5,1141417410
2,8010,5.0,1141417603
2,8360,4.0,1141416674
2,8368,5.0,1141416671
2,8636,5.0,1141416722
2,8665,4.0,1141416737
2,8958,2.5,1141417439
2,8961,4.5,1141415946
2,8970,5.0,1141417268
2,27821,4.5,1141416326
2,30749,5.0,1141417778
2,30848,0.5,1141417769
2,31923,3.5,1141416839
2,33166,0.5,1141417699
2,33493,4.5,1141416763
2,33660,5.0,1141416970
2,33794,5.0,1141416640
2,34162,0.5,1141416317
2,35836,0.5,1141417449
2,36527,3.5,1141417382
2,40815,5.0,1141416609
3,1,4.0,1439472215
3,29,4.5,1484754967
3,32,4.5,1439474635
3,50,5.0,1439474391
3,111,4.0,1484753849
3,172,4.0,1439474871
3,173,3.0,1439474869
3,214,5.0,1484753888
3,260,4.0,1439472239
3,293,5.0,1484753912
3,296,5.0,1439474476
3,318,4.0,1439472424
3,356,4.0,1439472199
3,442,3.5,1439474867
3,480,2.0,1439472219
3,527,4.0,1439472436
3,541,5.0,1439474625
3,589,4.0,1439474657
3,593,4.0,1439472203
3,741,5.0,1484753808
3,745,5.0,1439474467
3,778,5.0,1484753842
3,780,3.5,1439474667
3,858,5.0,1439474389
3,912,4.5,1439474408
3,913,4.0,1439474487
3,924,5.0,1439474638
3,1089,4.0,1484753654
3,1127,3.5,1439474725
3,1148,5.0,1439474452
3,1196,4.0,1439472427
3,1198,3.0,1439472431
3,1200,4.0,1439474650
3,1201,4.0,1439474517
3,1206,4.0,1453904021
3,1208,4.0,1453904031
3,1210,4.0,1439472442
3,1213,5.0,1484754156
3,1214,4.0,1439474640
3,1217,5.0,1439474455
3,1221,5.0,1439474393
3,1222,4.0,1484754339
3,1240,4.0,1439474652
3,1252,5.0,1484753938
3,1270,3.5,1439472211
3,1274,4.5,1566088819
3,1320,3.5,1439474823
3,1356,4.0,1439474760
3,1527,4.5,1439474632
3,1584,4.0,1439474677
3,1653,5.0,1439474631
3,1676,3.5,1439474766
3,1682,4.0,1439475125
3,1732,4.5,1566091883
3,1748,4.5,1439474697
3,1882,2.0,1439475127
3,1909,4.0,1439475123
3,1960,4.0,1566090766
3,2019,5.0,1439474441
3,2021,4.0,1566089449
3,2105,3.0,1439474763
3,2329,5.0,1439474463
3,2542,4.5,1484756352
3,2571,4.0,1439472221
3,2628,4.0,1439474669
3,2641,3.0,1439475106
3,2858,5.0,1439474474
3,2938,4.0,1484754240
3,2959,5.0,1439474417
3,3091,4.0,1484754262
3,3156,4.5,1439474758
3,3285,3.0,1439473082
3,3300,4.5,1439472928
3,3301,4.0,1439472975
3,3328,3.5,1484754130
3,3408,3.5,1566089773
3,3452,3.0,1439473280
3,3471,4.0,1439474733
3,3484,3.0,1439473859
3,3527,4.0,1439474769
3,3534,3.0,1439473180
3,3535,4.0,1439472877
3,3578,4.5,1439472619
3,3646,2.0,1439473733
3,3702,4.5,1439474992
3,3730,4.0,1484754549
3,3744,4.0,1439473299
3,3745,3.5,1439474994
3,3751,4.0,1566089764
3,3753,3.0,1439472727
3,3755,3.0,1566089804
3,3785,3.0,1439472869
3,3793,4.0,1439472629
3,3798,3.0,1439473012
3,3825,2.0,1439473317
3,3827,2.5,1439473123
3,3863,3.0,1439472882
3,3879,3.5,1439474297
3,3948,3.0,1566089739
3,3968,3.0,1566090300
3,3969,4.0,1439473087
3,3977,2.5,1566089769
3,3979,2.5,1439473505
3,3980,4.0,1439473434
3,3986,3.5,1566090182
3,3988,3.0,1566089944
3,3991,2.0,1439474120
3,3993,4.5,1439473699
3,3994,4.0,1439472741
3,3996,4.0,1439472633
3,3999,3.0,1439473446
3,4011,4.0,1484753766
3,4018,3.0,1439472871
3,4019,4.0,1439473061
3,4022,4.0,1439472692
3,4023,4.0,1439473162
3,4025,2.5,1439472828
3,4027,4.5,1439472670
3,4034,4.0,1566089779
3,4069,3.0,1566090275
3,4148,3.5,1566089865
3,4167,3.5,1439474137
3,4226,4.0,1439472627
3,4232,3.5,1439473334
3,4234,3.5,1439474211
3,4246,3.0,1439472762
3,4262,4.5,1566091872
3,4306,4.0,1439472624
3,4308,3.0,1439472792
3,4340,2.0,1439474202
3,4343,3.0,1439473242
3,4344,4.0,1453904339
3,4366,3.5,1439473740
3,4367,3.0,1439472920
3,4368,2.0,1439474032
3,4369,4.0,1439472989
3,4383,4.0,1566089403
3,4388,3.0,1439473379
3,4447,2.5,1439472860
3,4448,4.0,1566090382
3,4571,3.0,1439474819
3,4643,4.0,1439472888
3,4701,3.0,1439473079
3,4718,2.5,1566089843
3,4776,4.0,1566089836
3,4816,3.5,1439472917
3,4844,4.0,1439473780
3,4866,4.0,1439474237
3,4874,3.5,1439473033
3,4886,4.0,1439472640
3,4887,3.0,1439473813
3,4901,4.0,1439473096
3,4958,3.5,1566090528
3,4963,4.0,1439472648
3,4975,3.5,1439474729
3,4979,4.0,1439472751
3,4992,3.5,1439473536
3,4993,4.0,1439472446
3,4995,4.0,1439472659
3,5004,4.0,1484754133
3,5013,4.0,1439473023
3,5014,4.0,1439473492
3,5108,3.5,1439474091
3,5218,4.0,1439472773
3,5219,3.5,1439473238
3,5225,4.0,1439473200
3,5254,3.0,1439473175
3,5266,3.5,1566089889
3,5291,5.0,1439474459
3,5293,3.5,1439473844
3,5313,2.5,1566090511
3,5349,4.0,1439472655
3,5364,3.5,1439474018
3,5377,3.0,1439472848
3,5378,3.5,1566089728
3,5388,3.5,1439473036
3,5400,4.0,1439473392
3,5418,5.0,1439472664
3,5445,3.5,1439472642
3,5449,2.5,1439473503
3,5459,3.5,1439475011
3,5479,3.5,1439474177
3,5502,3.0,1439474826
3,5507,3.5,1566090153
3,5528,3.5,1439473236
3,5574,4.0,1566090162
3,5630,3.0,1439473148
3,5669,3.5,1439472771
3,5679,3.0,1439472831
3,5782,4.0,1484754375
3,5785,2.0,1439473549
3,5810,3.5,1566089950
3,5816,3.5,1439472711
3,5853,3.0,1439475132
3,5872,4.0,1439473111
3,5900,3.0,1566090983
3,5903,4.0,1439472958
3,5944,3.5,1439474792
3,5945,4.0,1439473098
3,5952,4.0,1439472616
3,5954,4.5,1566090236
3,5956,4.0,1439472976
3,5959,4.0,1439474161
3,5989,4.0,1566089705
3,5991,4.0,1439472890
3,6016,4.0,1439472724
3,6059,3.5,1439473716
3,6155,3.0,1439473383
3,6156,3.0,1439473719
3,6213,3.0,1439474266
3,6281,2.5,1566089962
3,6283,4.5,1439473702
3,6287,3.0,1439473304
3,6323,4.0,1439473218
3,6333,4.0,1439474711
3,6365,4.0,1566089715
3,6373,3.0,1439472840
3,6377,4.0,1439472644
3,6378,3.0,1439472826
3,6383,4.0,1439473360
3,6440,4.0,1484754172
3,6482,2.0,1439474304
3,6502,3.0,1439472812
3,6534,3.5,1439473160
3,6535,2.0,1439473923
3,6537,3.5,1566089810
3,6539,4.0,1439472631
3,6541,3.5,1439473225
3,6548,3.0,1566090343
3,6550,3.0,1439473977
3,6564,3.5,1439473628
3,6586,3.5,1439473791
3,6595,3.0,1439473739
3,6708,4.0,1566090171
3,6711,4.0,1566089746
3,6754,4.0,1439473290
3,6863,3.0,1439472855
3,6870,4.5,1566089815
3,6873,3.5,1439473773
3,6874,4.5,1439472662
3,6879,4.0,1566090547
3,6934,4.0,1439472753
3,6952,3.5,1439473972
3,7090,4.0,1439472968
3,7143,2.5,1566089787
3,7147,4.5,1439472748
3,7149,4.0,1439473643
3,7153,4.0,1439472617
3,7154,4.0,1439473932
3,7163,3.5,1439473766
3,7293,3.0,1439473031
3,7325,2.0,1439473462
3,7346,3.0,1439473881
3,7347,4.0,1439473723
3,7361,4.5,1439472657
3,7373,4.0,1439473075
3,7438,4.0,1439472687
3,7439,3.5,1439474229
3,7445,3.5,1566089938
3,7454,3.5,1439473362
3,7458,4.0,1439473039
3,8360,3.5,1566089759
3,8361,2.5,1439473044
3,8368,4.0,1439472721
3,8370,4.0,1484754297
3,8371,4.5,1439473451
3,8528,3.0,1484753681
3,8529,3.5,1439473120
3,8641,4.0,1439473100
3,8644,4.0,1439474674
3,8665,4.0,1439472715
3,8666,3.0,1439474272
3,8781,3.5,1439473726
3,8783,4.0,1566090061
3,8798,3.5,1439472905
3,8810,3.0,1439473370
3,8861,3.5,1566090480
3,8865,4.0,1439473526
3,8874,4.0,1439472782
3,8958,4.0,1439473330
3,8961,4.0,1439472667
3,8965,4.0,1439474142
3,8969,3.0,1439473896
3,8983,4.0,1566090312
3,8984,4.0,1439473057
3,8985,3.5,1439473892
3,27134,4.5,1566089394
3,27660,4.0,1566090435
3,27706,3.5,1566090256
3,27728,5.0,1484754362
3,27773,5.0,1484756506
3,27793,3.0,1439475078
3,27803,4.0,1439474285
3,27808,3.0,1439473876
3,30707,4.0,1439472844
3,30793,3.5,1439472479
3,30825,3.5,1439473268
3,31184,4.0,1439474794
3,31221,3.0,1566091270
3,31685,3.0,1439473295
3,31696,4.0,1439473266
3,31804,4.5,1566089576
3,31878,4.0,1566090284
3,32587,4.0,1453904048
3,33004,4.0,1439473064
3,33166,4.0,1439472893
3,33493,4.0,1439472757
3,33615,4.0,1566089987
3,33679,3.0,1439472505
3,33794,4.0,1439472682
3,34048,3.0,1453904085
3,34150,3.5,1439473337
3,34162,3.0,1439472494
3,34319,3.5,1439473276
3,34405,4.0,1439474649
3,34437,4.0,1453904174
3,35836,3.0,1453904088
3,36519,4.0,1439474159
3,36529,4.0,1453904094
3,37386,4.0,1439474727
3,37727,3.0,1439474146
3,37729,4.0,1439475232
3,37741,4.5,1439473464
3,39435,3.0,1566091231
3,40583,4.0,1453904175
3,40815,4.0,1453904062
3,40819,4.0,1439473007
3,41566,4.0,1439472491
3,41569,3.0,1453904104
3,42738,4.0,1439473942
3,43928,2.5,1439474784
3,44022,4.0,1439473713
3,44191,4.0,1453904046
3,45186,3.5,1453904145
3,45447,3.5,1439473102
3,45499,4.0,1439473006
3,45501,3.0,1439474308
3,45517,4.0,1453904123
3,45666,3.0,1566091191
3,45672,3.0,1439473805
3,45722,4.0,1453904066
3,46335,3.5,1566090886
3,46578,4.0,1439472759
3,46965,3.0,1439474080
3,46970,3.5,1439473787
3,46972,3.0,1439473636
3,47200,4.0,1439473948
3,47610,4.0,1453904083
3,48385,3.5,1453904077
3,48394,4.5,1439472775
3,48516,5.0,1439474526
3,48738,4.0,1439473315
3,48774,4.0,1439472857
3,48780,4.0,1439472814
3,49272,4.0,1439472745
3,49274,4.0,1439474108
3,49278,3.5,1439473651
3,49530,3.5,1439472498
3,49822,4.0,1566091372
3,50068,4.0,1439473810
3,50872,4.0,1439472823
3,51255,4.0,1439472961
3,51662,4.0,1453904054
3,51935,4.0,1439473890
3,52604,4.0,1439474122
3,52722,3.5,1439475230
3,52950,4.5,1566089429
3,53121,3.5,1439473816
3,53125,4.0,1453904101
3,53129,4.0,1566091034
3,53464,3.5,1566089216
3,53972,4.0,1439473311
3,53996,4.0,1439473053
3,54001,4.0,1439473020
3,54286,4.0,1439472789
3,54503,3.5,1439472503
3,54648,3.0,1566091214
3,54997,4.0,1439473187
3,55232,4.0,1439474288
3,55765,4.0,1453904108
3,55805,4.0,1566091482
3,55820,5.0,1453904059
3,56145,3.0,1439474950
3,56156,3.0,1566091337
3,56171,4.5,1439474030
3,56174,3.5,1439472982
3,56587,4.0,1439474046
3,56782,4.5,1439473117
3,56949,3.0,1566089225
3,57368,2.5,1439474739
3,57528,3.0,1566090711
3,57640,4.0,1439473803
3,57669,3.0,1566089850
3,58025,3.0,1439473902
3,58559,5.0,1439472439
3,59315,4.0,1439472744
3,59369,3.0,1439473149
3,59501,3.5,1566090550
3,59615,3.0,1453904126
3,59784,4.0,1453904111
3,59900,3.0,1566090909
3,60040,3.0,1453904151
3,60069,4.0,1439472729
3,60072,3.5,1439473704
3,60074,4.0,1439473455
3,60126,3.0,1439474081
3,60684,4.5,1439474658
3,60756,3.5,1439474134
3,60760,3.0,1484756308
3,61132,3.0,1439473427
3,61160,4.0,1439474953
3,61248,2.5,1566091265
3,61323,4.0,1439473297
3,61350,3.0,1484756298
3,62849,4.0,1439474270
3,62999,3.5,1566090989
3,63062,4.0,1439474018
3,63072,4.0,1439474189
3,63113,4.0,1439473453
3,63859,4.0,1439474068
3,63876,4.0,1439473681
3,64030,3.5,1566091323
3,64614,4.0,1439472990
3,64839,3.5,1439473321
3,64957,4.0,1439473193
3,65514,4.0,1566090675
3,65682,4.0,1484756266
3,66097,4.0,1439473449
3,67255,4.5,1439473521
3,67923,3.5,1566090925
3,68157,4.0,1492785553
3,68319,4.0,1439473489
3,68358,4.0,1439474645
3,68554,4.0,1439473940
3,68791,3.5,1439473854
3,68793,3.0,1566090992
3,68952,2.5,1566091084
3,69122,4.0,1492785560
3,69481,3.5,1439473287
3,69526,4.0,1439473894
3,69640,4.0,1439474355
3,69844,3.5,1492785566
3,70286,4.0,1439472874
3,70293,4.0,1439474282
3,70305,3.0,1439474964
3,70336,3.0,1566091169
3,71057,4.5,1439474167
3,71156,4.0,1566090961
3,71464,4.0,1566090940
3,71530,3.5,1484756216
3,71535,4.0,1439473050
3,72011,4.0,1439473373
3,72209,3.0,1484756196
3,72378,2.5,1439473678
3,72641,4.0,1439473760
3,72701,3.0,1484756182
3,72998,4.0,1439474623
3,73017,3.0,1439473025
3,73268,4.0,1439475098
3,73321,4.0,1439473925
3,73323,4.0,1566091399
3,74458,4.0,1492785558
3,74789,4.0,1566089982
3,76077,2.0,1484756109
3,76093,4.0,1439473084
3,76251,4.0,1566089828
3,77561,4.0,1439473240
3,78469,3.0,1439474257
3,78499,4.0,1439473014
3,79091,4.0,1566091612
3,79132,5.0,1439474473
3,79224,2.0,1566091314
3,79293,4.0,1439474106
3,79695,3.0,1439474170
3,80363,3.0,1484756077
3,80463,4.0,1492785561
3,81229,4.0,1439474063
3,81537,3.0,1566091015
3,81564,4.0,1566090249
3,81591,5.0,1492785564
3,81834,3.5,1566091630
3,81845,4.0,1439473018
3,82095,2.0,1484756055
3,82202,3.0,1566091203
3,82461,4.0,1439473967
3,83349,3.0,1566091304
3,83613,3.5,1484755918
3,84152,4.0,1439474974
3,84772,3.5,1484755988
3,84954,4.0,1439473986
3,85020,3.0,1566091288
3,85056,3.5,1439474798
3,85131,2.5,1484755983
3,85261,3.0,1439474979
3,85414,4.0,1439473366
3,86332,4.0,1439473515
3,86644,3.5,1566090894
3,86880,4.0,1439474219
3,86911,3.5,1566090431
3,87232,4.0,1439473307
3,87306,3.5,1439474716
3,87430,3.0,1484755925
3,87520,3.0,1484755929
3,87876,3.5,1566091557
3,88125,3.5,1566091623
3,88140,3.5,1566089895
3,88405,3.0,1566090571
3,88744,4.0,1439474749
3,89492,4.0,1439473754
3,89745,4.0,1439473055
3,89753,4.0,1566091047
3,90249,3.5,1484755890
3,90866,3.5,1566090425
3,91500,3.5,1439473292
3,91529,4.0,1492785556
3,91542,4.0,1439473626
3,91630,4.0,1439473878
3,91658,4.0,1439473657
3,91974,3.5,1566091471
3,91976,3.0,1566091393
3,93363,4.0,1439474752
3,93805,3.5,1439475044
3,94018,2.5,1566091565
3,94677,3.5,1566090808
3,94777,3.5,1484755847
3,94864,4.0,1439473782
3,95441,3.5,1566090243
3,95510,4.0,1439473862
3,95875,4.0,1439474743
3,96079,3.5,1566090771
3,96610,4.0,1439473476
3,96691,3.0,1484755826
3,96737,4.0,1439474741
3,96861,3.0,1566091238
3,97225,3.5,1566091099
3,97306,4.0,1566090643
3,97921,3.5,1439473672
3,97923,3.5,1566090836
3,98809,4.0,1439473424
3,99112,3.5,1566090601
3,99114,4.0,1439473077
3,101864,4.0,1439474698
3,102125,4.0,1439474937
3,102407,4.0,1566090339
3,102445,4.0,1439473797
3,102686,3.0,1566091223
3,102716,3.5,1566091140
3,102880,3.0,1439474833
3,102903,3.5,1566090082
3,103075,3.0,1484755745
3,103141,3.5,1566090405
3,103228,3.0,1484755717
3,103249,3.5,1484755741
3,103253,4.0,1484755690
3,103384,3.5,1566091437
3,103772,3.5,1484755711
3,103810,3.5,1566091363
3,104241,3.5,1566091157
3,104243,4.5,1439474932
3,104841,4.0,1439473499
3,105213,3.0,1566091330
3,106002,4.0,1439475028
3,106072,4.0,1439474862
3,106100,4.0,1439474311
3,106487,3.0,1439473752
3,106489,3.5,1566091626
3,106782,4.5,1439473659
3,106920,4.0,1439473802
3,107348,3.5,1566091355
3,107406,4.0,1439475030
3,108190,3.5,1439474855
3,108932,4.0,1439474156
3,108945,3.0,1484755649
3,109374,4.0,1439473513
3,109487,4.0,1439472517
3,109578,3.0,1566091544
3,110102,4.0,1439474044
3,110407,3.5,1484755755
3,110730,4.0,1484755610
3,111113,2.5,1566091177
3,111360,4.0,1439474812
3,111362,4.0,1439473863
3,111443,3.5,1566091528
3,111659,4.0,1566090561
3,111759,4.0,1439474679
3,112138,3.0,1566090496
3,112171,3.5,1566090905
3,112370,3.0,1484755583
3,112552,5.0,1439472513
3,112556,5.0,1439473517
3,112623,4.0,1439474706
3,112852,4.0,1439473443
3,113345,4.0,1484755473
3,114180,3.5,1484755546
3,114847,4.0,1484755521
3,114935,4.0,1439474810
3,115569,4.0,1439475246
3,115617,4.0,1439474050
3,115713,4.5,1439474672
3,116797,4.0,1439472522
3,116823,3.5,1484755513
3,116897,4.0,1439472527
3,117529,3.0,1439474808
3,117533,4.0,1439475246
3,120466,3.5,1439474805
3,122882,3.5,1439472530
3,122886,3.0,1453904205
3,122892,3.5,1484755456
3,122896,3.5,1566091420
3,122900,4.0,1439475256
3,122906,4.0,1566090558
3,122912,3.5,1566090093
3,122914,3.5,1566089245
3,122918,4.0,1566090124
3,122920,3.5,1484755287
3,122922,4.0,1566090131
3,122924,3.5,1484755275
3,129354,3.0,1566091187
3,130490,3.5,1484755437
3,130634,3.0,1566091000
3,132046,3.0,1439474829
3,134130,4.0,1453904195
3,134853,4.0,1439472519
3,135133,3.5,1484755332
3,135143,3.5,1566090422
3,135536,3.5,1566090614
3,135569,3.5,1566090688
3,136020,3.5,1566090542
3,136449,5.0,1484753762
3,136469,4.0,1484753902
3,136864,3.5,1566090707
3,139385,4.0,1566089976
3,139644,4.0,1566090410
3,140956,3.5,1566091089
3,142509,3.5,1484755362
3,143385,4.0,1566090484
3,148626,4.0,1566089954
3,148855,4.0,1484755411
3,149406,4.0,1566091409
3,151763,4.0,1484754009
3,158238,3.0,1566090579
3,158966,3.5,1566091277
3,159093,3.5,1566090889
3,164179,4.0,1492785585
3,166528,4.0,1484755225
3,166635,3.5,1566090610
3,168252,4.0,1492785586
3,168612,4.0,1566091441
3,171763,3.5,1566090464
3,175197,3.5,1566089493
3,176101,3.5,1566091359
3,176371,4.5,1566090291
3,179819,3.5,1566090591
3,182823,3.0,1566089510
3,187541,3.5,1566090693
3,187593,4.5,1566090414
4,1,3.0,1573944252
4,260,3.5,1573938415
4,296,4.0,1573938898
4,541,4.5,1573944303
4,589,4.0,1573939042
4,780,2.0,1573938243
4,924,4.0,1573942880
4,1036,4.0,1573941169
4,1080,3.5,1573944005
4,1136,4.5,1574195101
4,1196,4.0,1573938701
4,1197,4.5,1573945628
4,1198,4.0,1573938665
4,1200,3.5,1573944311
4,1201,3.5,1573943306
4,1210,3.0,1573938225
4,1214,2.5,1573938290
4,1220,4.0,1573939087
4,1265,4.0,1573943155
4,1270,2.5,1573944225
4,1278,4.0,1573944001
4,1288,3.5,1573944208
4,1291,4.0,1573938377
4,1527,3.5,1573938987
4,1580,4.5,1573938142
4,1610,3.5,1573938232
4,1732,4.5,1573943590
4,1907,4.0,1573938543
4,2019,4.0,1573943852
4,2028,4.5,1573938324
4,2115,3.0,1573944458
4,2571,4.5,1573938619
4,2716,4.0,1573944417
4,2791,4.0,1573944204
4,2918,3.5,1573943873
4,2951,3.5,1573944499
4,2985,4.0,1573938361
4,2993,3.5,1573943471
4,3033,3.0,1573944542
4,3039,3.5,1573944424
4,3114,3.0,1573944042
4,3175,4.0,1573943913
4,3624,2.5,1573941619
4,3671,4.0,1573944199
4,3681,3.5,1573943380
4,3751,3.5,1573941468
4,3793,1.5,1574194789
4,3827,3.0,1573940152
4,4308,3.5,1573939273
4,4709,2.0,1573942459
4,4816,4.0,1573939764
4,4886,3.5,1573939580
4,4963,4.5,1573945093
4,4974,4.0,1573941070
4,4993,4.5,1573938123
4,5110,4.5,1573940375
4,5219,2.0,1573939998
4,5299,2.5,1573941522
4,5418,3.5,1573939209
4,5444,4.0,1573938155
4,5618,5.0,1573938433
4,5903,4.0,1573939792
4,5952,4.5,1574193472
4,6156,3.0,1573940406
4,6377,3.0,1573939584
4,6539,4.0,1573938182
4,6550,3.5,1573941088
4,6863,4.0,1573941487
4,6874,4.5,1573938218
4,6947,4.0,1573939919
4,7143,3.5,1573939012
4,7153,4.0,1573938166
4,7324,3.0,1573940718
4,7373,4.0,1573939831
4,7438,3.5,1573938236
4,7451,4.0,1573941101
4,7569,3.5,1573943431
4,8641,4.0,1573939030
4,8665,3.5,1573937834
4,8874,4.0,1573938641
4,8914,4.0,1573939325
4,8961,5.0,1573938092
4,33794,3.5,1573938201
4,34048,2.5,1573939788
4,34405,3.5,1573938275
4,38038,3.5,1573938552
4,44191,2.5,1573938911
4,44193,3.0,1573940754
4,44665,5.0,1573938628
4,45431,2.0,1573940488
4,45517,2.5,1573939887
4,45722,3.5,1573939645
4,46948,2.5,1573940806
4,46972,3.5,1573942264
4,48780,5.0,1573938502
4,48982,3.0,1573940905
4,49272,3.5,1573938085
4,49396,3.5,1573941006
4,49649,1.0,1573940734
4,50601,1.5,1573940778
4,50872,4.5,1573938215
4,51255,4.5,1573937675
4,51935,2.5,1573940266
4,53125,4.5,1573939736
4,53956,4.5,1574038724
4,54286,3.5,1573938382
4,54881,3.5,1573940878
4,57669,4.5,1573938205
4,58559,4.5,1573938509
4,59615,1.5,1573939908
4,60069,4.0,1573938516
4,61132,4.0,1573939973
4,63859,1.5,1573941400
4,68157,3.5,1573938058
4,68954,4.5,1573938210
4,69122,3.5,1573937979
4,69526,1.5,1573940301
4,70286,4.5,1573938625
4,71057,5.0,1573940503
4,71264,1.0,1573940451
4,72226,4.0,1573938863
4,72998,2.5,1573939601
4,73017,3.5,1573939263
4,74458,5.0,1573938151
4,74530,0.5,1573937414
4,76093,2.0,1573938675
4,76175,1.5,1573937368
4,77561,1.0,1574194685
4,77866,2.0,1573937361
4,78893,0.5,1573937500
4,79091,3.5,1573941611
4,79132,4.5,1573938448
4,79185,2.5,1573937384
4,79695,2.0,1573940413
4,79702,4.5,1573937671
4,81229,3.0,1573940186
4,81564,3.5,1573940174
4,81834,1.0,1573939673
4,82461,2.5,1573937190
4,83134,4.5,1573937827
4,83613,0.5,1573937351
4,85414,4.0,1573939807
4,86332,2.0,1573941635
4,86345,4.0,1573937451
4,86880,1.5,1573940161
4,87306,3.0,1573937220
4,87430,1.0,1573937327
4,87520,1.0,1573937315
4,88125,1.0,1573939694
4,88140,2.5,1573941659
4,89745,2.5,1573939622
4,90866,2.5,1573937246
4,91485,2.5,1573937395
4,91529,4.5,1573938396
4,91542,3.0,1573939844
4,91630,3.5,1573937103
4,93363,2.5,1574194710
4,93510,4.0,1573937096
4,93838,4.0,1573937402
4,93840,4.5,1573937111
4,94864,0.5,1573939936
4,96079,2.5,1573942735
4,96110,1.0,1573944447
4,96610,3.5,1573939064
4,96737,4.5,1573937270
4,97304,2.0,1573938048
4,97913,3.5,1573937091
4,98809,2.5,1573939755
4,99112,3.5,1573937303
4,99114,4.0,1573938148
4,101864,3.5,1573937175
4,102125,1.5,1573941675
4,102445,3.0,1573939955
4,103228,4.0,1573937199
4,103249,2.0,1573937162
4,103253,3.0,1573940196
4,103341,3.5,1573938102
4,103384,2.0,1573940986
4,103772,2.0,1573937289
4,104841,1.0,1573939712
4,106002,1.0,1573937251
4,106489,1.5,1573941682
4,106916,3.0,1573940316
4,107406,5.0,1573937228
4,108932,3.5,1573938110
4,108945,1.5,1573940896
4,109374,4.5,1573938458
4,109487,5.0,1573938054
4,110102,3.5,1573939857
4,111360,1.5,1573940217
4,111759,4.0,1573945672
4,111781,3.5,1573941267
4,112138,4.0,1573944672
4,112552,4.5,1573938807
4,112852,3.0,1573939247
4,115122,4.0,1573940649
4,115149,4.0,1573937663
4,115569,5.0,1573938464
4,115617,3.5,1573938342
4,115713,5.0,1573938441
4,116823,2.0,1573940021
4,119145,4.5,1573939001
4,122882,5.0,1573937584
4,122886,2.0,1573938010
4,122904,3.5,1573939663
4,122912,0.5,1574194361
4,122914,3.0,1573937132
4,122918,3.0,1573942212
4,127098,4.0,1573946331
4,134130,4.0,1573938028
4,136020,3.0,1573940464
4,138036,4.5,1573940477
4,139385,5.0,1573938504
4,139644,5.0,1574106232
4,142115,4.0,1573946236
4,148426,2.0,1573942955
4,148626,4.0,1573938893
4,152081,4.5,1573941094
4,156706,3.5,1574039791
4,159817,5.0,1573940908
4,164179,5.0,1573938043
4,166528,4.0,1573937658
4,168248,4.5,1573937841
4,168612,3.5,1573943098
4,171011,5.0,1573946217
4,171763,4.5,1573938131
4,173145,2.5,1573941377
4,174055,5.0,1573938041
4,176101,3.0,1573944677
4,176371,4.5,1573938437
4,179401,3.5,1573940927
4,179819,2.5,1573940494
4,180989,3.0,1573946191
4,182715,4.5,1573943272
4,187541,3.5,1573945496
4,187593,3.5,1573937998
4,189333,4.0,1573941041
4,195159,5.0,1573937123
4,200818,5.0,1573939483
4,200838,3.0,1573939524
4,203375,4.5,1573939316
4,203519,2.5,1573945484
5,1,4.0,858625949
5,19,4.0,830786345
5,32,5.0,830786277
5,36,5.0,830786409
5,39,2.0,858627955
5,47,5.0,833146729
5,50,5.0,831900118
5,88,4.0,858625904
5,95,3.0,858627936
5,104,4.0,830786640
5,113,3.0,858626008
5,122,3.0,830786631
5,141,5.0,858625837
5,147,5.0,830786700
5,150,5.0,830786155
5,153,3.0,830786193
5,170,4.0,858627599
5,191,2.0,830786765
5,216,4.0,830786541
5,218,3.0,830786491
5,219,3.0,830788219
5,224,4.0,830786425
5,231,4.0,830786244
5,235,3.0,830786380
5,238,2.0,830786777
5,248,2.0,830786569
5,253,4.0,830786263
5,260,5.0,858625863
5,267,2.0,830786608
5,277,3.0,858627645
5,288,4.0,830786277
5,292,5.0,830786263
5,296,4.0,830786155
5,300,3.0,830786263
5,312,3.0,858628294
5,333,4.0,830786478
5,337,5.0,830786345
5,340,5.0,830786668
5,342,3.0,858628173
5,344,4.0,830786193
5,350,5.0,831900487
5,356,4.0,833146744
5,364,4.0,831900357
5,372,4.0,833146785
5,416,3.0,830786657
5,432,3.0,830786317
5,435,2.0,830786363
5,440,3.0,831900153
5,441,4.0,858628093
5,457,5.0,831900450
5,477,4.0,830786530
5,487,3.0,858628282
5,491,3.0,858626883
5,500,4.0,858628038
5,524,3.0,833146785
5,542,4.0,858628216
5,553,3.0,830786394
5,588,4.0,830786193
5,590,3.0,830786155
5,592,3.0,830786155
5,593,5.0,831900433
5,595,3.0,830786221
5,608,3.0,858626008
5,628,5.0,830786711
5,671,5.0,858625838
5,733,5.0,858625837
5,736,3.0,858626232
5,778,5.0,858625837
5,780,4.0,858625917
5,784,2.0,835334972
5,786,2.0,858625935
5,788,3.0,858625917
5,802,5.0,858625986
5,839,3.0,858626023
5,1016,3.0,858628421
5,1035,4.0,858626711
5,1042,4.0,858625793
5,1047,3.0,858625875
5,1061,5.0,858626644
5,1073,3.0,858625891
5,1093,3.0,858626941
5,1097,3.0,858626908
5,1120,4.0,858625863
5,1194,3.0,858628191
5,1196,5.0,858626686
5,1197,3.0,858628023
5,1210,5.0,858625793
5,1234,5.0,858628056
5,1235,4.0,858628093
5,1246,5.0,858626807
5,1265,4.0,858628160
5,1270,3.0,858628106
5,1271,4.0,858626908
5,1290,3.0,858627572
5,1291,4.0,858628038
5,1302,4.0,858627548
5,1344,3.0,858627572
5,1357,5.0,858625863
5,1380,4.0,858628216
5,1407,5.0,858625891
5,1409,4.0,858626107
6,161,2.0,945141530
6,260,5.0,945142152
6,318,5.0,945142558
6,527,5.0,945142152
6,593,4.0,945142787
6,608,5.0,945142787
6,858,5.0,945141827
6,902,4.0,945141564
6,912,4.0,945143358
6,913,4.0,945143358
6,919,5.0,945143419
6,924,4.0,945143285
6,1097,4.0,945143564
6,1183,2.0,945141941
6,1196,5.0,945142872
6,1198,5.0,945143358
6,1203,5.0,945142872
6,1213,5.0,945142949
6,1466,3.0,945141530
6,1704,5.0,945141942
6,1951,4.0,945143419
6,2028,3.0,945142872
6,2396,4.0,945144163
6,2421,3.0,945141530
6,2815,3.0,945141827
6,2858,5.0,945142872
7,10,3.0,835444813
7,17,4.0,835444942
7,28,4.0,835444989
7,58,5.0,835444970
7,150,4.0,835444730
7,153,3.0,835444767
7,165,3.0,835444767
7,185,3.0,835444841
7,232,4.0,835444970
7,265,4.0,835444989
7,288,3.0,835444864
7,296,4.0,835444730
7,306,5.0,835444970
7,307,4.0,835445009
7,308,4.0,835445009
7,329,3.0,835444792
7,344,2.0,835444767
7,410,3.0,835444864
7,457,3.0,835444841
7,527,5.0,835444989
7,588,4.0,835444767
7,590,3.0,835444730
7,592,3.0,835444730
7,593,4.0,835444841
7,595,4.0,835444792
8,1,4.0,890492517
8,3,4.0,890492906
8,6,3.0,890489713
8,7,1.0,890492414
8,10,4.0,890490169
8,11,3.0,890493105
8,16,4.0,890489673
8,18,4.0,890509709
8,21,3.0,890489970
8,25,3.0,890510270
8,27,3.0,890509664
8,32,3.0,890489481
8,39,3.0,890492984
8,47,5.0,890489560
8,50,4.0,890489650
8,62,4.0,890490090
8,69,5.0,890510793
8,95,4.0,890510889
8,103,2.0,890510793
8,104,5.0,890492474
8,110,5.0,890489328
8,112,5.0,890492364
8,125,3.0,890490150
8,145,5.0,890490199
8,150,2.0,890492931
8,161,5.0,890489825
8,163,4.0,890493007
8,165,5.0,890509586
8,180,4.0,890493105
8,198,5.0,890490110
8,201,1.0,890489591
8,207,2.0,890490150
8,209,4.0,891279691
8,223,2.0,890489809
8,225,2.0,890489928
8,237,4.0,890510417
8,253,4.0,890490128
8,260,3.0,890489513
8,290,4.0,890489876
8,292,5.0,890510435
8,296,5.0,890489713
8,316,2.0,890492967
8,318,1.0,890489849
8,325,3.0,890511598
8,333,5.0,890490069
8,344,5.0,890510340
8,356,5.0,890489591
8,358,4.0,890489996
8,364,4.0,890489482
8,377,5.0,890489615
8,380,5.0,890489895
8,428,4.0,890492906
8,440,4.0,890511598
8,442,3.0,890492414
8,454,5.0,890489560
8,457,5.0,890508237
8,474,4.0,890490199
8,480,3.0,890490169
8,490,4.0,890510417
8,494,3.0,890510394
8,511,4.0,890489482
8,524,4.0,890492967
8,551,2.0,890489295
8,553,2.0,890490150
8,575,4.0,890492906
8,588,5.0,890492517
8,589,4.0,890489411
8,590,3.0,890490020
8,593,4.0,890490090
8,594,2.0,891279691
8,595,2.0,890489432
8,608,4.0,890489560
8,628,4.0,890509729
8,648,5.0,890490069
8,708,2.0,890492474
8,725,3.0,891279691
8,733,4.0,890489454
8,750,4.0,890489895
8,780,2.0,890490069
8,785,4.0,890510270
8,786,5.0,890490020
8,799,4.0,890510920
8,805,3.0,890510417
8,875,4.0,890489513
8,903,4.0,890489328
8,904,4.0,890509085
8,923,3.0,890489615
8,924,5.0,890510212
8,953,4.0,890489615
8,1012,3.0,890510251
8,1020,4.0,890510394
8,1022,4.0,890510340
8,1029,3.0,890492517
8,1032,3.0,890510228
8,1036,4.0,890489615
8,1047,3.0,890489996
8,1049,2.0,890489536
8,1092,5.0,890492967
8,1101,3.0,890510825
8,1127,4.0,890489849
8,1129,2.0,890492906
8,1196,3.0,890489536
8,1198,3.0,890489693
8,1200,3.0,890489713
8,1203,4.0,890490199
8,1207,2.0,890489481
8,1210,3.0,890490044
8,1213,4.0,890489770
8,1214,4.0,890489536
8,1220,4.0,890492364
8,1222,3.0,890489383
8,1240,2.0,890489591
8,1242,5.0,890489650
8,1258,5.0,890489996
8,1259,4.0,890510358
8,1265,4.0,890489673
8,1270,4.0,890489513
8,1282,2.0,890493066
8,1283,3.0,890489947
8,1287,1.0,890492311
8,1358,4.0,890489454
8,1370,4.0,890509586
8,1385,5.0,890510358
8,1391,4.0,890510340
8,1393,4.0,890489970
8,1407,5.0,890489928
8,1409,3.0,890510251
8,1429,3.0,890510291
8,1438,4.0,890511503
8,1440,2.0,890489970
8,1479,3.0,890511034
8,1485,5.0,890511034
8,1527,4.0,890510935
8,1552,5.0,890510904
8,1573,5.0,890510889
8,1580,5.0,890510873
8,1584,4.0,890510920
8,1597,4.0,890511034
8,1600,3.0,890511485
8,1603,2.0,890511446
8,1614,3.0,890511082
8,1616,2.0,890511034
8,1617,5.0,890489203
8,1625,2.0,890510977
8,1645,4.0,890510977
8,1653,2.0,890510977
8,1672,4.0,890489203
8,1704,4.0,890489263
8,1717,3.0,890511034
8,1721,4.0,890489263
8,1722,3.0,890510977
8,1729,5.0,890510994
8,1747,4.0,890511061
8,1777,3.0,890489236
8,1783,3.0,890511503
9,2,5.0,859383142
9,10,5.0,859383403
9,34,3.0,859383102
9,39,3.0,859383520
9,61,4.0,859382231
9,105,4.0,859384701
9,116,5.0,859382367
9,150,4.0,859384328
9,158,4.0,859383351
9,161,5.0,859382967
9,165,4.0,859383068
9,168,5.0,859383520
9,225,5.0,859384328
9,256,5.0,859384103
9,260,4.0,859382015
9,273,3.0,859384026
9,276,4.0,859383859
9,277,5.0,859383172
9,280,4.0,859383018
9,317,4.0,859383753
9,329,5.0,859382903
9,350,5.0,859383102
9,355,5.0,859384133
9,356,5.0,859383448
9,361,4.0,859383610
9,362,5.0,859382967
9,366,3.0,859383374
9,370,2.0,859383448
9,374,3.0,859383644
9,378,4.0,859384181
9,380,5.0,859384283
9,387,3.0,859385955
9,410,3.0,859383753
9,419,4.0,859383567
9,420,4.0,859383247
9,432,3.0,859383753
9,434,5.0,859383142
9,435,3.0,859384480
9,442,3.0,859383979
9,445,4.0,859384328
9,454,4.0,859383194
9,455,4.0,859383317
9,464,4.0,859383448
9,466,2.0,859383713
9,474,4.0,859383047
9,500,5.0,859382967
9,516,3.0,859383317
9,519,5.0,859384380
9,520,3.0,859383403
9,539,5.0,859384283
9,540,4.0,859383979
9,541,4.0,859384380
9,585,3.0,859383792
9,586,5.0,859382967
9,587,5.0,859383644
9,588,5.0,859382967
9,589,3.0,859383172
9,590,4.0,859383351
9,592,4.0,859383540
9,593,5.0,859383172
9,594,5.0,859383047
9,596,4.0,859383047
9,597,5.0,859383753
9,611,1.0,859384209
9,616,5.0,859383018
9,667,5.0,859382108
9,805,5.0,859382042
9,818,3.0,859382301
9,852,4.0,859384156
9,858,3.0,859382278
9,914,5.0,859385363
9,919,5.0,859384939
9,920,5.0,859385601
9,924,3.0,859385079
9,934,4.0,859385043
9,938,4.0,859385878
9,943,4.0,859385854
9,952,4.0,859385812
9,953,4.0,859385679
9,954,4.0,859385456
9,968,3.0,859385251
9,969,3.0,859385560
9,971,3.0,859385601
9,1005,4.0,859383644
9,1007,4.0,859384939
9,1008,5.0,859385120
9,1010,4.0,859384779
9,1011,4.0,859384907
9,1012,4.0,859384598
9,1013,3.0,859384722
9,1014,4.0,859384987
9,1015,4.0,859384255
9,1017,3.0,859384663
9,1018,3.0,859385207
9,1019,4.0,859384455
9,1021,4.0,859384455
9,1023,3.0,859384356
9,1028,5.0,859383920
9,1029,3.0,859384356
9,1030,4.0,859384426
9,1031,5.0,859384597
9,1035,5.0,859383271
9,1036,4.0,859383102
9,1073,5.0,859381992
9,1079,3.0,859383979
9,1084,4.0,859383294
9,1088,5.0,859384754
9,1090,4.0,859384512
9,1092,4.0,859384566
9,1097,4.0,859383859
9,1100,3.0,859384619
9,1101,4.0,859383670
9,1124,4.0,859385079
9,1125,3.0,859385276
9,1126,4.0,859385207
9,1127,4.0,859384879
9,1129,4.0,859384811
9,1135,4.0,859385207
9,1194,3.0,859385120
9,1196,4.0,859384181
9,1197,3.0,859384701
9,1198,5.0,859384426
9,1200,3.0,859384939
9,1204,3.0,859385679
9,1208,4.0,859385311
9,1210,5.0,859382084
9,1214,4.0,859385333
9,1219,3.0,859385628
9,1221,2.0,859384965
9,1222,4.0,859385079
9,1225,3.0,859384854
9,1240,4.0,859384779
9,1246,4.0,859384512
9,1247,4.0,859385363
9,1250,5.0,859385079
9,1258,4.0,859384965
9,1259,4.0,859384663
9,1262,3.0,859385251
9,1265,3.0,859385560
9,1266,1.0,859385120
9,1270,4.0,859384663
9,1271,4.0,859384598
9,1290,3.0,859385207
9,1291,4.0,859384512
9,1298,4.0,859385391
9,1299,4.0,859385311
9,1302,3.0,859385363
9,1307,3.0,859385120
9,1321,3.0,859385679
9,1322,3.0,859386462
9,1326,3.0,859386332
9,1327,3.0,859385311
9,1328,3.0,859386462
9,1333,5.0,859385390
9,1343,4.0,859384811
9,1344,3.0,859385679
9,1345,4.0,859385363
9,1347,3.0,859384836
9,1350,3.0,859385251
9,1356,5.0,859382042
9,1367,5.0,859382185
9,1370,4.0,859384663
9,1371,5.0,859385601
9,1372,5.0,859385207
9,1373,5.0,859385251
9,1374,5.0,859385043
9,1375,5.0,859385079
9,1376,5.0,859385251
9,1378,1.0,859384701
9,1379,1.0,859384987
9,1380,5.0,859384879
9,1381,3.0,859385902
9,1385,4.0,859384754
9,1387,3.0,859385456
9,1388,3.0,859385504
9,1389,3.0,859386078
9,1394,1.0,859385954
9,5060,3.0,859385778
10,1,3.5,1227571347
10,32,4.0,1227571055
10,50,5.0,1227571375
10,110,4.0,1227571327
10,150,4.0,1227571337
10,193,1.0,1227570860
10,260,5.0,1227571325
10,296,4.5,1227571308
10,318,4.5,1227571320
10,356,4.5,1227571313
10,380,3.5,1227571369
10,457,3.5,1227571337
10,480,4.0,1227571315
10,588,3.0,1227571371
10,589,4.0,1227571343
10,592,3.0,1227571332
10,593,4.5,1227571313
10,608,3.5,1227571373
10,780,3.0,1227571352
10,924,4.5,1227571092
10,1186,3.0,1227570886
10,1196,5.0,1227571380
10,1210,5.0,1227571359
10,1347,3.0,1227570876
10,1717,2.0,1227570905
10,1960,3.5,1227570883
10,1962,3.0,1227570828
10,2085,2.0,1227570876
10,2094,1.5,1227570889
10,2505,3.5,1227571222
10,2572,3.0,1227571037
10,2605,3.5,1227570841
10,2707,3.0,1227570895
10,2826,2.0,1227571065
10,2915,3.0,1227570836
10,2944,3.0,1227570879
10,3361,3.0,1227570866
10,3863,4.0,1227570871
10,3868,4.0,1227570908
10,3986,4.0,1227571204
10,4361,3.0,1227570857
10,5049,4.0,1227571186
10,5508,3.0,1227571111
10,5810,2.5,1227571212
10,6383,2.0,1227571082
10,6502,4.5,1227571126
10,6953,3.0,1227571100
10,7444,1.0,1227571060
10,7566,4.0,1227571141
10,8810,3.5,1227571232
10,52767,4.5,1227571105
10,53000,4.0,1227571143
10,53953,3.5,1227571070
11,277,2.5,1208038679
11,372,4.5,1208038696
11,527,4.0,1208039263
11,593,4.5,1208039277
11,1203,2.5,1208039187
11,1207,3.0,1208039291
11,2329,2.5,1208039202
11,2581,3.0,1208038731
11,2694,2.5,1208038689
11,2858,2.5,1208039199
11,2881,2.5,1208038716
11,3146,2.0,1208038836
11,4210,4.0,1208038915
11,4745,3.5,1208039018
11,4993,4.0,1208039234
11,5296,3.0,1208038980
11,5618,1.0,1208039282
11,6535,2.5,1208038927
11,7153,4.0,1208039236
11,8910,2.5,1208038869
11,33669,3.0,1208039136
11,42723,3.5,1208039039
11,48043,4.0,1208039008
11,54272,4.5,1208038892